{"paths": {"appearance/node_modules/select2/dist/js/i18n/af.js": "appearance/node_modules/select2/dist/js/i18n/af.4f6fcd73488c.js", "appearance/node_modules/select2/dist/js/i18n/ar.js": "appearance/node_modules/select2/dist/js/i18n/ar.65aa8e36bf5d.js", "appearance/node_modules/select2/dist/js/i18n/az.js": "appearance/node_modules/select2/dist/js/i18n/az.270c257daf81.js", "appearance/node_modules/select2/dist/js/i18n/bg.js": "appearance/node_modules/select2/dist/js/i18n/bg.39b8be30d4f0.js", "appearance/node_modules/select2/dist/js/i18n/bn.js": "appearance/node_modules/select2/dist/js/i18n/bn.6d42b4dd5665.js", "appearance/node_modules/select2/dist/js/i18n/bs.js": "appearance/node_modules/select2/dist/js/i18n/bs.91624382358e.js", "appearance/node_modules/select2/dist/js/i18n/build.txt": "appearance/node_modules/select2/dist/js/i18n/build.c9fb9399ed17.txt", "appearance/node_modules/select2/dist/js/i18n/ca.js": "appearance/node_modules/select2/dist/js/i18n/ca.a166b745933a.js", "appearance/node_modules/select2/dist/js/i18n/cs.js": "appearance/node_modules/select2/dist/js/i18n/cs.4f43e8e7d33a.js", "appearance/node_modules/select2/dist/js/i18n/da.js": "appearance/node_modules/select2/dist/js/i18n/da.766346afe4dd.js", "appearance/node_modules/select2/dist/js/i18n/de.js": "appearance/node_modules/select2/dist/js/i18n/de.8a1c222b0204.js", "appearance/node_modules/select2/dist/js/i18n/dsb.js": "appearance/node_modules/select2/dist/js/i18n/dsb.56372c92d2f1.js", "appearance/node_modules/select2/dist/js/i18n/el.js": "appearance/node_modules/select2/dist/js/i18n/el.27097f071856.js", "appearance/node_modules/select2/dist/js/i18n/en.js": "appearance/node_modules/select2/dist/js/i18n/en.cf932ba09a98.js", "appearance/node_modules/select2/dist/js/i18n/es.js": "appearance/node_modules/select2/dist/js/i18n/es.66dbc2652fb1.js", "appearance/node_modules/select2/dist/js/i18n/et.js": "appearance/node_modules/select2/dist/js/i18n/et.2b96fd98289d.js", "appearance/node_modules/select2/dist/js/i18n/eu.js": "appearance/node_modules/select2/dist/js/i18n/eu.adfe5c97b72c.js", "appearance/node_modules/select2/dist/js/i18n/fa.js": "appearance/node_modules/select2/dist/js/i18n/fa.3b5bd1961cfd.js", "appearance/node_modules/select2/dist/js/i18n/fi.js": "appearance/node_modules/select2/dist/js/i18n/fi.614ec42aa9ba.js", "appearance/node_modules/select2/dist/js/i18n/fr.js": "appearance/node_modules/select2/dist/js/i18n/fr.05e0542fcfe6.js", "appearance/node_modules/select2/dist/js/i18n/gl.js": "appearance/node_modules/select2/dist/js/i18n/gl.d99b1fedaa86.js", "appearance/node_modules/select2/dist/js/i18n/he.js": "appearance/node_modules/select2/dist/js/i18n/he.e420ff6cd3ed.js", "appearance/node_modules/select2/dist/js/i18n/hi.js": "appearance/node_modules/select2/dist/js/i18n/hi.70640d41628f.js", "appearance/node_modules/select2/dist/js/i18n/hr.js": "appearance/node_modules/select2/dist/js/i18n/hr.a2b092cc1147.js", "appearance/node_modules/select2/dist/js/i18n/hsb.js": "appearance/node_modules/select2/dist/js/i18n/hsb.fa3b55265efe.js", "appearance/node_modules/select2/dist/js/i18n/hu.js": "appearance/node_modules/select2/dist/js/i18n/hu.6ec6039cb8a3.js", "appearance/node_modules/select2/dist/js/i18n/hy.js": "appearance/node_modules/select2/dist/js/i18n/hy.c7babaeef5a6.js", "appearance/node_modules/select2/dist/js/i18n/id.js": "appearance/node_modules/select2/dist/js/i18n/id.04debded514d.js", "appearance/node_modules/select2/dist/js/i18n/is.js": "appearance/node_modules/select2/dist/js/i18n/is.3ddd9a6a97e9.js", "appearance/node_modules/select2/dist/js/i18n/it.js": "appearance/node_modules/select2/dist/js/i18n/it.be4fe8d365b5.js", "appearance/node_modules/select2/dist/js/i18n/ja.js": "appearance/node_modules/select2/dist/js/i18n/ja.170ae885d74f.js", "appearance/node_modules/select2/dist/js/i18n/ka.js": "appearance/node_modules/select2/dist/js/i18n/ka.2083264a54f0.js", "appearance/node_modules/select2/dist/js/i18n/km.js": "appearance/node_modules/select2/dist/js/i18n/km.c23089cb06ca.js", "appearance/node_modules/select2/dist/js/i18n/ko.js": "appearance/node_modules/select2/dist/js/i18n/ko.e7be6c20e673.js", "appearance/node_modules/select2/dist/js/i18n/lt.js": "appearance/node_modules/select2/dist/js/i18n/lt.23c7ce903300.js", "appearance/node_modules/select2/dist/js/i18n/lv.js": "appearance/node_modules/select2/dist/js/i18n/lv.08e62128eac1.js", "appearance/node_modules/select2/dist/js/i18n/mk.js": "appearance/node_modules/select2/dist/js/i18n/mk.dabbb9087130.js", "appearance/node_modules/select2/dist/js/i18n/ms.js": "appearance/node_modules/select2/dist/js/i18n/ms.4ba82c9a51ce.js", "appearance/node_modules/select2/dist/js/i18n/nb.js": "appearance/node_modules/select2/dist/js/i18n/nb.da2fce143f27.js", "appearance/node_modules/select2/dist/js/i18n/ne.js": "appearance/node_modules/select2/dist/js/i18n/ne.3d79fd3f08db.js", "appearance/node_modules/select2/dist/js/i18n/nl.js": "appearance/node_modules/select2/dist/js/i18n/nl.997868a37ed8.js", "appearance/node_modules/select2/dist/js/i18n/pl.js": "appearance/node_modules/select2/dist/js/i18n/pl.6031b4f16452.js", "appearance/node_modules/select2/dist/js/i18n/ps.js": "appearance/node_modules/select2/dist/js/i18n/ps.38dfa47af9e0.js", "appearance/node_modules/select2/dist/js/i18n/pt-BR.js": "appearance/node_modules/select2/dist/js/i18n/pt-BR.e1b294433e7f.js", "appearance/node_modules/select2/dist/js/i18n/pt.js": "appearance/node_modules/select2/dist/js/i18n/pt.33b4a3b44d43.js", "appearance/node_modules/select2/dist/js/i18n/ro.js": "appearance/node_modules/select2/dist/js/i18n/ro.f75cb460ec3b.js", "appearance/node_modules/select2/dist/js/i18n/ru.js": "appearance/node_modules/select2/dist/js/i18n/ru.934aa95f5b5f.js", "appearance/node_modules/select2/dist/js/i18n/sk.js": "appearance/node_modules/select2/dist/js/i18n/sk.33d02cef8d11.js", "appearance/node_modules/select2/dist/js/i18n/sl.js": "appearance/node_modules/select2/dist/js/i18n/sl.131a78bc0752.js", "appearance/node_modules/select2/dist/js/i18n/sq.js": "appearance/node_modules/select2/dist/js/i18n/sq.5636b60d29c9.js", "appearance/node_modules/select2/dist/js/i18n/sr-Cyrl.js": "appearance/node_modules/select2/dist/js/i18n/sr-Cyrl.f254bb8c4c7c.js", "appearance/node_modules/select2/dist/js/i18n/sr.js": "appearance/node_modules/select2/dist/js/i18n/sr.5ed85a48f483.js", "appearance/node_modules/select2/dist/js/i18n/sv.js": "appearance/node_modules/select2/dist/js/i18n/sv.7a9c2f71e777.js", "appearance/node_modules/select2/dist/js/i18n/th.js": "appearance/node_modules/select2/dist/js/i18n/th.f38c20b0221b.js", "appearance/node_modules/select2/dist/js/i18n/tk.js": "appearance/node_modules/select2/dist/js/i18n/tk.7c572a68c78f.js", "appearance/node_modules/select2/dist/js/i18n/tr.js": "appearance/node_modules/select2/dist/js/i18n/tr.b5a0643d1545.js", "appearance/node_modules/select2/dist/js/i18n/uk.js": "appearance/node_modules/select2/dist/js/i18n/uk.8cede7f4803c.js", "appearance/node_modules/select2/dist/js/i18n/vi.js": "appearance/node_modules/select2/dist/js/i18n/vi.097a5b75b3e1.js", "appearance/node_modules/select2/dist/js/i18n/zh-CN.js": "appearance/node_modules/select2/dist/js/i18n/zh-CN.2cff662ec5f9.js", "appearance/node_modules/select2/dist/js/i18n/zh-TW.js": "appearance/node_modules/select2/dist/js/i18n/zh-TW.04554a227c2b.js", "cabinets/node_modules/jstree/dist/themes/default/32px.png": "cabinets/node_modules/jstree/dist/themes/default/32px.21bd42ab5782.png", "cabinets/node_modules/jstree/dist/themes/default/40px.png": "cabinets/node_modules/jstree/dist/themes/default/40px.7d2fda9cfc3a.png", "cabinets/node_modules/jstree/dist/themes/default/style.css": "cabinets/node_modules/jstree/dist/themes/default/style.2dd11acd437a.css", "cabinets/node_modules/jstree/dist/themes/default/style.min.css": "cabinets/node_modules/jstree/dist/themes/default/style.min.676c4dc703d1.css", "cabinets/node_modules/jstree/dist/themes/default/throbber.gif": "cabinets/node_modules/jstree/dist/themes/default/throbber.95bed8e66791.gif", "cabinets/node_modules/jstree/dist/themes/default-dark/32px.png": "cabinets/node_modules/jstree/dist/themes/default-dark/32px.37f0007202ae.png", "cabinets/node_modules/jstree/dist/themes/default-dark/40px.png": "cabinets/node_modules/jstree/dist/themes/default-dark/40px.8ca4b8aa5022.png", "cabinets/node_modules/jstree/dist/themes/default-dark/style.css": "cabinets/node_modules/jstree/dist/themes/default-dark/style.6199f30b6f3b.css", "cabinets/node_modules/jstree/dist/themes/default-dark/style.min.css": "cabinets/node_modules/jstree/dist/themes/default-dark/style.min.d3e3e7a33699.css", "cabinets/node_modules/jstree/dist/themes/default-dark/throbber.gif": "cabinets/node_modules/jstree/dist/themes/default-dark/throbber.012f031e2fb1.gif", "appearance/node_modules/@fancyapps/fancybox/dist/jquery.fancybox.css": "appearance/node_modules/@fancyapps/fancybox/dist/jquery.fancybox.980b0ca09f13.css", "appearance/node_modules/@fancyapps/fancybox/dist/jquery.fancybox.js": "appearance/node_modules/@fancyapps/fancybox/dist/jquery.fancybox.37a6e82f31d7.js", "appearance/node_modules/@fancyapps/fancybox/dist/jquery.fancybox.min.css": "appearance/node_modules/@fancyapps/fancybox/dist/jquery.fancybox.min.c873f743d0cc.css", "appearance/node_modules/@fancyapps/fancybox/dist/jquery.fancybox.min.js": "appearance/node_modules/@fancyapps/fancybox/dist/jquery.fancybox.min.1fc6ecaf7ea4.js", "appearance/node_modules/@fortawesome/fontawesome-free/css/all.css": "appearance/node_modules/@fortawesome/fontawesome-free/css/all.b1c4924b8f78.css", "appearance/node_modules/@fortawesome/fontawesome-free/css/all.min.css": "appearance/node_modules/@fortawesome/fontawesome-free/css/all.min.a40bd035b7b2.css", "appearance/node_modules/@fortawesome/fontawesome-free/css/brands.css": "appearance/node_modules/@fortawesome/fontawesome-free/css/brands.02f7fb34a64a.css", "appearance/node_modules/@fortawesome/fontawesome-free/css/brands.min.css": "appearance/node_modules/@fortawesome/fontawesome-free/css/brands.min.1d18d814600c.css", "appearance/node_modules/@fortawesome/fontawesome-free/css/fontawesome.css": "appearance/node_modules/@fortawesome/fontawesome-free/css/fontawesome.24a6fa7bd20a.css", "appearance/node_modules/@fortawesome/fontawesome-free/css/fontawesome.min.css": "appearance/node_modules/@fortawesome/fontawesome-free/css/fontawesome.min.a227f005fa7a.css", "appearance/node_modules/@fortawesome/fontawesome-free/css/regular.css": "appearance/node_modules/@fortawesome/fontawesome-free/css/regular.ef921a94a944.css", "appearance/node_modules/@fortawesome/fontawesome-free/css/regular.min.css": "appearance/node_modules/@fortawesome/fontawesome-free/css/regular.min.7d3719880c0b.css", "appearance/node_modules/@fortawesome/fontawesome-free/css/solid.css": "appearance/node_modules/@fortawesome/fontawesome-free/css/solid.4b64f245b777.css", "appearance/node_modules/@fortawesome/fontawesome-free/css/solid.min.css": "appearance/node_modules/@fortawesome/fontawesome-free/css/solid.min.1f39a6dde40d.css", "appearance/node_modules/@fortawesome/fontawesome-free/css/svg-with-js.css": "appearance/node_modules/@fortawesome/fontawesome-free/css/svg-with-js.39d0217c6a09.css", "appearance/node_modules/@fortawesome/fontawesome-free/css/svg-with-js.min.css": "appearance/node_modules/@fortawesome/fontawesome-free/css/svg-with-js.min.19cf47f65b95.css", "appearance/node_modules/@fortawesome/fontawesome-free/css/v4-shims.css": "appearance/node_modules/@fortawesome/fontawesome-free/css/v4-shims.6ba89750869a.css", "appearance/node_modules/@fortawesome/fontawesome-free/css/v4-shims.min.css": "appearance/node_modules/@fortawesome/fontawesome-free/css/v4-shims.min.a034d3c71bee.css", "appearance/node_modules/@fortawesome/fontawesome-free/js/all.js": "appearance/node_modules/@fortawesome/fontawesome-free/js/all.2351a1da4892.js", "appearance/node_modules/@fortawesome/fontawesome-free/js/all.min.js": "appearance/node_modules/@fortawesome/fontawesome-free/js/all.min.5e29440867fd.js", "appearance/node_modules/@fortawesome/fontawesome-free/js/brands.js": "appearance/node_modules/@fortawesome/fontawesome-free/js/brands.995f2e9c304d.js", "appearance/node_modules/@fortawesome/fontawesome-free/js/brands.min.js": "appearance/node_modules/@fortawesome/fontawesome-free/js/brands.min.63d4e8331781.js", "appearance/node_modules/@fortawesome/fontawesome-free/js/conflict-detection.js": "appearance/node_modules/@fortawesome/fontawesome-free/js/conflict-detection.1f88f026bb89.js", "appearance/node_modules/@fortawesome/fontawesome-free/js/conflict-detection.min.js": "appearance/node_modules/@fortawesome/fontawesome-free/js/conflict-detection.min.a55e8e9afb6d.js", "appearance/node_modules/@fortawesome/fontawesome-free/js/fontawesome.js": "appearance/node_modules/@fortawesome/fontawesome-free/js/fontawesome.1d12fe9fc5d2.js", "appearance/node_modules/@fortawesome/fontawesome-free/js/fontawesome.min.js": "appearance/node_modules/@fortawesome/fontawesome-free/js/fontawesome.min.884e73502238.js", "appearance/node_modules/@fortawesome/fontawesome-free/js/regular.js": "appearance/node_modules/@fortawesome/fontawesome-free/js/regular.6c7fff999be7.js", "appearance/node_modules/@fortawesome/fontawesome-free/js/regular.min.js": "appearance/node_modules/@fortawesome/fontawesome-free/js/regular.min.0e0b0dabe08e.js", "appearance/node_modules/@fortawesome/fontawesome-free/js/solid.js": "appearance/node_modules/@fortawesome/fontawesome-free/js/solid.6c8e4a51a486.js", "appearance/node_modules/@fortawesome/fontawesome-free/js/solid.min.js": "appearance/node_modules/@fortawesome/fontawesome-free/js/solid.min.2a2315a20c89.js", "appearance/node_modules/@fortawesome/fontawesome-free/js/v4-shims.js": "appearance/node_modules/@fortawesome/fontawesome-free/js/v4-shims.c0ea274430b4.js", "appearance/node_modules/@fortawesome/fontawesome-free/js/v4-shims.min.js": "appearance/node_modules/@fortawesome/fontawesome-free/js/v4-shims.min.215c84e99a9c.js", "appearance/node_modules/@fortawesome/fontawesome-free/metadata/categories.yml": "appearance/node_modules/@fortawesome/fontawesome-free/metadata/categories.a7e00e299e89.yml", "appearance/node_modules/@fortawesome/fontawesome-free/metadata/icons.yml": "appearance/node_modules/@fortawesome/fontawesome-free/metadata/icons.b9e61f3f3245.yml", "appearance/node_modules/@fortawesome/fontawesome-free/metadata/shims.yml": "appearance/node_modules/@fortawesome/fontawesome-free/metadata/shims.0751b5b3042a.yml", "appearance/node_modules/@fortawesome/fontawesome-free/metadata/sponsors.yml": "appearance/node_modules/@fortawesome/fontawesome-free/metadata/sponsors.180c4edd41ba.yml", "appearance/node_modules/@fortawesome/fontawesome-free/sprites/brands.svg": "appearance/node_modules/@fortawesome/fontawesome-free/sprites/brands.c573bd98a776.svg", "appearance/node_modules/@fortawesome/fontawesome-free/sprites/regular.svg": "appearance/node_modules/@fortawesome/fontawesome-free/sprites/regular.2d030d45ec4c.svg", "appearance/node_modules/@fortawesome/fontawesome-free/sprites/solid.svg": "appearance/node_modules/@fortawesome/fontawesome-free/sprites/solid.784b8dfe4f89.svg", "appearance/node_modules/@fortawesome/fontawesome-free/webfonts/fa-brands-400.eot": "appearance/node_modules/@fortawesome/fontawesome-free/webfonts/fa-brands-400.592643a83b85.eot", "appearance/node_modules/@fortawesome/fontawesome-free/webfonts/fa-brands-400.svg": "appearance/node_modules/@fortawesome/fontawesome-free/webfonts/fa-brands-400.1d5619cd8043.svg", "appearance/node_modules/@fortawesome/fontawesome-free/webfonts/fa-brands-400.ttf": "appearance/node_modules/@fortawesome/fontawesome-free/webfonts/fa-brands-400.513aa607d398.ttf", "appearance/node_modules/@fortawesome/fontawesome-free/webfonts/fa-brands-400.woff": "appearance/node_modules/@fortawesome/fontawesome-free/webfonts/fa-brands-400.1a575a4138e5.woff", "appearance/node_modules/@fortawesome/fontawesome-free/webfonts/fa-brands-400.woff2": "appearance/node_modules/@fortawesome/fontawesome-free/webfonts/fa-brands-400.ed311c7a0ade.woff2", "appearance/node_modules/@fortawesome/fontawesome-free/webfonts/fa-regular-400.eot": "appearance/node_modules/@fortawesome/fontawesome-free/webfonts/fa-regular-400.b0e2db3b634d.eot", "appearance/node_modules/@fortawesome/fontawesome-free/webfonts/fa-regular-400.svg": "appearance/node_modules/@fortawesome/fontawesome-free/webfonts/fa-regular-400.c5d109be8edd.svg", "appearance/node_modules/@fortawesome/fontawesome-free/webfonts/fa-regular-400.ttf": "appearance/node_modules/@fortawesome/fontawesome-free/webfonts/fa-regular-400.766913e6c008.ttf", "appearance/node_modules/@fortawesome/fontawesome-free/webfonts/fa-regular-400.woff": "appearance/node_modules/@fortawesome/fontawesome-free/webfonts/fa-regular-400.d1d7e3b4c219.woff", "appearance/node_modules/@fortawesome/fontawesome-free/webfonts/fa-regular-400.woff2": "appearance/node_modules/@fortawesome/fontawesome-free/webfonts/fa-regular-400.b91d376b8d76.woff2", "appearance/node_modules/@fortawesome/fontawesome-free/webfonts/fa-solid-900.eot": "appearance/node_modules/@fortawesome/fontawesome-free/webfonts/fa-solid-900.0c6bfc668a72.eot", "appearance/node_modules/@fortawesome/fontawesome-free/webfonts/fa-solid-900.svg": "appearance/node_modules/@fortawesome/fontawesome-free/webfonts/fa-solid-900.37bc7099f6f1.svg", "appearance/node_modules/@fortawesome/fontawesome-free/webfonts/fa-solid-900.ttf": "appearance/node_modules/@fortawesome/fontawesome-free/webfonts/fa-solid-900.b9625119ce43.ttf", "appearance/node_modules/@fortawesome/fontawesome-free/webfonts/fa-solid-900.woff": "appearance/node_modules/@fortawesome/fontawesome-free/webfonts/fa-solid-900.d745348d289b.woff", "appearance/node_modules/@fortawesome/fontawesome-free/webfonts/fa-solid-900.woff2": "appearance/node_modules/@fortawesome/fontawesome-free/webfonts/fa-solid-900.d824df7eb2e2.woff2", "appearance/node_modules/bootstrap/dist/css/bootstrap-theme.css": "appearance/node_modules/bootstrap/dist/css/bootstrap-theme.f6515064fc49.css", "appearance/node_modules/bootstrap/dist/css/bootstrap-theme.css.map": "appearance/node_modules/bootstrap/dist/css/bootstrap-theme.css.829aff37a8e1.map", "appearance/node_modules/bootstrap/dist/css/bootstrap-theme.min.css": "appearance/node_modules/bootstrap/dist/css/bootstrap-theme.min.1d4b05b397c3.css", "appearance/node_modules/bootstrap/dist/css/bootstrap-theme.min.css.map": "appearance/node_modules/bootstrap/dist/css/bootstrap-theme.min.css.51806092cc05.map", "appearance/node_modules/bootstrap/dist/css/bootstrap.css": "appearance/node_modules/bootstrap/dist/css/bootstrap.1754208a8b47.css", "appearance/node_modules/bootstrap/dist/css/bootstrap.css.map": "appearance/node_modules/bootstrap/dist/css/bootstrap.css.ba33e6ee1839.map", "appearance/node_modules/bootstrap/dist/css/bootstrap.min.css": "appearance/node_modules/bootstrap/dist/css/bootstrap.min.919d9029303f.css", "appearance/node_modules/bootstrap/dist/css/bootstrap.min.css.map": "appearance/node_modules/bootstrap/dist/css/bootstrap.min.css.cafbda9c0e9e.map", "appearance/node_modules/bootstrap/dist/fonts/glyphicons-halflings-regular.eot": "appearance/node_modules/bootstrap/dist/fonts/glyphicons-halflings-regular.f4769f9bdb74.eot", "appearance/node_modules/bootstrap/dist/fonts/glyphicons-halflings-regular.svg": "appearance/node_modules/bootstrap/dist/fonts/glyphicons-halflings-regular.89889688147b.svg", "appearance/node_modules/bootstrap/dist/fonts/glyphicons-halflings-regular.ttf": "appearance/node_modules/bootstrap/dist/fonts/glyphicons-halflings-regular.e18bbf611f2a.ttf", "appearance/node_modules/bootstrap/dist/fonts/glyphicons-halflings-regular.woff": "appearance/node_modules/bootstrap/dist/fonts/glyphicons-halflings-regular.fa2772327f55.woff", "appearance/node_modules/bootstrap/dist/fonts/glyphicons-halflings-regular.woff2": "appearance/node_modules/bootstrap/dist/fonts/glyphicons-halflings-regular.448c34a56d69.woff2", "appearance/node_modules/bootstrap/dist/js/bootstrap.js": "appearance/node_modules/bootstrap/dist/js/bootstrap.894d79839fac.js", "appearance/node_modules/bootstrap/dist/js/bootstrap.min.js": "appearance/node_modules/bootstrap/dist/js/bootstrap.min.2f34b630ffe3.js", "appearance/node_modules/bootstrap/dist/js/npm.js": "appearance/node_modules/bootstrap/dist/js/npm.ccb7f3909e30.js", "appearance/node_modules/select2/dist/css/select2.css": "appearance/node_modules/select2/dist/css/select2.a2194c262648.css", "appearance/node_modules/select2/dist/css/select2.min.css": "appearance/node_modules/select2/dist/css/select2.min.9f54e6414f87.css", "appearance/node_modules/select2/dist/js/select2.full.js": "appearance/node_modules/select2/dist/js/select2.full.c2afdeda3058.js", "appearance/node_modules/select2/dist/js/select2.full.min.js": "appearance/node_modules/select2/dist/js/select2.full.min.c28f3322ee52.js", "appearance/node_modules/select2/dist/js/select2.js": "appearance/node_modules/select2/dist/js/select2.8b9e61ffc46e.js", "appearance/node_modules/select2/dist/js/select2.min.js": "appearance/node_modules/select2/dist/js/select2.min.0f64f3a3a0c6.js", "admin/js/vendor/select2/i18n/km.js": "admin/js/vendor/select2/i18n/km.c23089cb06ca.js", "admin/js/vendor/select2/i18n/de.js": "admin/js/vendor/select2/i18n/de.8a1c222b0204.js", "admin/js/vendor/select2/i18n/fi.js": "admin/js/vendor/select2/i18n/fi.614ec42aa9ba.js", "admin/js/vendor/select2/i18n/sl.js": "admin/js/vendor/select2/i18n/sl.131a78bc0752.js", "admin/js/vendor/select2/i18n/id.js": "admin/js/vendor/select2/i18n/id.04debded514d.js", "admin/js/vendor/select2/i18n/et.js": "admin/js/vendor/select2/i18n/et.2b96fd98289d.js", "admin/js/vendor/select2/i18n/vi.js": "admin/js/vendor/select2/i18n/vi.097a5b75b3e1.js", "admin/js/vendor/select2/i18n/ms.js": "admin/js/vendor/select2/i18n/ms.4ba82c9a51ce.js", "admin/js/vendor/select2/i18n/pt.js": "admin/js/vendor/select2/i18n/pt.33b4a3b44d43.js", "admin/js/vendor/select2/i18n/ko.js": "admin/js/vendor/select2/i18n/ko.e7be6c20e673.js", "admin/js/vendor/select2/i18n/ps.js": "admin/js/vendor/select2/i18n/ps.38dfa47af9e0.js", "admin/js/vendor/select2/i18n/sr-Cyrl.js": "admin/js/vendor/select2/i18n/sr-Cyrl.f254bb8c4c7c.js", "admin/js/vendor/select2/i18n/nb.js": "admin/js/vendor/select2/i18n/nb.da2fce143f27.js", "admin/js/vendor/select2/i18n/th.js": "admin/js/vendor/select2/i18n/th.f38c20b0221b.js", "admin/js/vendor/select2/i18n/eu.js": "admin/js/vendor/select2/i18n/eu.adfe5c97b72c.js", "admin/js/vendor/select2/i18n/sq.js": "admin/js/vendor/select2/i18n/sq.5636b60d29c9.js", "admin/js/vendor/select2/i18n/sr.js": "admin/js/vendor/select2/i18n/sr.5ed85a48f483.js", "admin/js/vendor/select2/i18n/az.js": "admin/js/vendor/select2/i18n/az.270c257daf81.js", "admin/js/vendor/select2/i18n/hy.js": "admin/js/vendor/select2/i18n/hy.c7babaeef5a6.js", "admin/js/vendor/select2/i18n/mk.js": "admin/js/vendor/select2/i18n/mk.dabbb9087130.js", "admin/js/vendor/select2/i18n/ar.js": "admin/js/vendor/select2/i18n/ar.65aa8e36bf5d.js", "admin/js/vendor/select2/i18n/bn.js": "admin/js/vendor/select2/i18n/bn.6d42b4dd5665.js", "admin/js/vendor/select2/i18n/gl.js": "admin/js/vendor/select2/i18n/gl.d99b1fedaa86.js", "admin/js/vendor/select2/i18n/hu.js": "admin/js/vendor/select2/i18n/hu.6ec6039cb8a3.js", "admin/js/vendor/select2/i18n/hsb.js": "admin/js/vendor/select2/i18n/hsb.fa3b55265efe.js", "admin/js/vendor/select2/i18n/lt.js": "admin/js/vendor/select2/i18n/lt.23c7ce903300.js", "admin/js/vendor/select2/i18n/uk.js": "admin/js/vendor/select2/i18n/uk.8cede7f4803c.js", "admin/js/vendor/select2/i18n/ca.js": "admin/js/vendor/select2/i18n/ca.a166b745933a.js", "admin/js/vendor/select2/i18n/zh-TW.js": "admin/js/vendor/select2/i18n/zh-TW.04554a227c2b.js", "admin/js/vendor/select2/i18n/lv.js": "admin/js/vendor/select2/i18n/lv.08e62128eac1.js", "admin/js/vendor/select2/i18n/en.js": "admin/js/vendor/select2/i18n/en.cf932ba09a98.js", "admin/js/vendor/select2/i18n/fa.js": "admin/js/vendor/select2/i18n/fa.3b5bd1961cfd.js", "admin/js/vendor/select2/i18n/sv.js": "admin/js/vendor/select2/i18n/sv.7a9c2f71e777.js", "admin/js/vendor/select2/i18n/it.js": "admin/js/vendor/select2/i18n/it.be4fe8d365b5.js", "admin/js/vendor/select2/i18n/pl.js": "admin/js/vendor/select2/i18n/pl.6031b4f16452.js", "admin/js/vendor/select2/i18n/bg.js": "admin/js/vendor/select2/i18n/bg.39b8be30d4f0.js", "admin/js/vendor/select2/i18n/dsb.js": "admin/js/vendor/select2/i18n/dsb.56372c92d2f1.js", "admin/js/vendor/select2/i18n/ka.js": "admin/js/vendor/select2/i18n/ka.2083264a54f0.js", "admin/js/vendor/select2/i18n/da.js": "admin/js/vendor/select2/i18n/da.766346afe4dd.js", "admin/js/vendor/select2/i18n/el.js": "admin/js/vendor/select2/i18n/el.27097f071856.js", "admin/js/vendor/select2/i18n/hr.js": "admin/js/vendor/select2/i18n/hr.a2b092cc1147.js", "admin/js/vendor/select2/i18n/tr.js": "admin/js/vendor/select2/i18n/tr.b5a0643d1545.js", "admin/js/vendor/select2/i18n/fr.js": "admin/js/vendor/select2/i18n/fr.05e0542fcfe6.js", "admin/js/vendor/select2/i18n/ja.js": "admin/js/vendor/select2/i18n/ja.170ae885d74f.js", "admin/js/vendor/select2/i18n/ru.js": "admin/js/vendor/select2/i18n/ru.934aa95f5b5f.js", "admin/js/vendor/select2/i18n/af.js": "admin/js/vendor/select2/i18n/af.4f6fcd73488c.js", "admin/js/vendor/select2/i18n/hi.js": "admin/js/vendor/select2/i18n/hi.70640d41628f.js", "admin/js/vendor/select2/i18n/zh-CN.js": "admin/js/vendor/select2/i18n/zh-CN.2cff662ec5f9.js", "admin/js/vendor/select2/i18n/tk.js": "admin/js/vendor/select2/i18n/tk.7c572a68c78f.js", "admin/js/vendor/select2/i18n/pt-BR.js": "admin/js/vendor/select2/i18n/pt-BR.e1b294433e7f.js", "admin/js/vendor/select2/i18n/sk.js": "admin/js/vendor/select2/i18n/sk.33d02cef8d11.js", "admin/js/vendor/select2/i18n/nl.js": "admin/js/vendor/select2/i18n/nl.997868a37ed8.js", "admin/js/vendor/select2/i18n/is.js": "admin/js/vendor/select2/i18n/is.3ddd9a6a97e9.js", "admin/js/vendor/select2/i18n/bs.js": "admin/js/vendor/select2/i18n/bs.91624382358e.js", "admin/js/vendor/select2/i18n/cs.js": "admin/js/vendor/select2/i18n/cs.4f43e8e7d33a.js", "admin/js/vendor/select2/i18n/ne.js": "admin/js/vendor/select2/i18n/ne.3d79fd3f08db.js", "admin/js/vendor/select2/i18n/he.js": "admin/js/vendor/select2/i18n/he.e420ff6cd3ed.js", "admin/js/vendor/select2/i18n/es.js": "admin/js/vendor/select2/i18n/es.66dbc2652fb1.js", "admin/js/vendor/select2/i18n/ro.js": "admin/js/vendor/select2/i18n/ro.f75cb460ec3b.js", "views/node_modules/dropzone/dist/min/basic.min.css": "views/node_modules/dropzone/dist/min/basic.min.1a9bf156adf6.css", "views/node_modules/dropzone/dist/min/dropzone-amd-module.min.js": "views/node_modules/dropzone/dist/min/dropzone-amd-module.min.764c30a8823c.js", "views/node_modules/dropzone/dist/min/dropzone.min.css": "views/node_modules/dropzone/dist/min/dropzone.min.11c0f165c25b.css", "views/node_modules/dropzone/dist/min/dropzone.min.js": "views/node_modules/dropzone/dist/min/dropzone.min.764c30a8823c.js", "statistics/node_modules/chart.js/dist/chunks/helpers.segment.js": "statistics/node_modules/chart.js/dist/chunks/helpers.segment.8da89fb7d180.js", "statistics/node_modules/chart.js/dist/chunks/helpers.segment.mjs": "statistics/node_modules/chart.js/dist/chunks/helpers.segment.8da89fb7d180.mjs", "statistics/node_modules/chart.js/types/helpers/helpers.canvas.d.ts": "statistics/node_modules/chart.js/types/helpers/helpers.canvas.d.c45a9019ecd8.ts", "statistics/node_modules/chart.js/types/helpers/helpers.collection.d.ts": "statistics/node_modules/chart.js/types/helpers/helpers.collection.d.1c8ab87cdb3c.ts", "statistics/node_modules/chart.js/types/helpers/helpers.color.d.ts": "statistics/node_modules/chart.js/types/helpers/helpers.color.d.ba9d321e185f.ts", "statistics/node_modules/chart.js/types/helpers/helpers.core.d.ts": "statistics/node_modules/chart.js/types/helpers/helpers.core.d.dc6b683d8549.ts", "statistics/node_modules/chart.js/types/helpers/helpers.curve.d.ts": "statistics/node_modules/chart.js/types/helpers/helpers.curve.d.90e41b836fc4.ts", "statistics/node_modules/chart.js/types/helpers/helpers.dom.d.ts": "statistics/node_modules/chart.js/types/helpers/helpers.dom.d.4bcfab0c7334.ts", "statistics/node_modules/chart.js/types/helpers/helpers.easing.d.ts": "statistics/node_modules/chart.js/types/helpers/helpers.easing.d.cff3bff86444.ts", "statistics/node_modules/chart.js/types/helpers/helpers.extras.d.ts": "statistics/node_modules/chart.js/types/helpers/helpers.extras.d.c93c0008a125.ts", "statistics/node_modules/chart.js/types/helpers/helpers.interpolation.d.ts": "statistics/node_modules/chart.js/types/helpers/helpers.interpolation.d.e2ebd7ddedca.ts", "statistics/node_modules/chart.js/types/helpers/helpers.intl.d.ts": "statistics/node_modules/chart.js/types/helpers/helpers.intl.d.91baf03adcfc.ts", "statistics/node_modules/chart.js/types/helpers/helpers.math.d.ts": "statistics/node_modules/chart.js/types/helpers/helpers.math.d.b1267704bb3d.ts", "statistics/node_modules/chart.js/types/helpers/helpers.options.d.ts": "statistics/node_modules/chart.js/types/helpers/helpers.options.d.7010f015b331.ts", "statistics/node_modules/chart.js/types/helpers/helpers.rtl.d.ts": "statistics/node_modules/chart.js/types/helpers/helpers.rtl.d.2f1398e34ad5.ts", "statistics/node_modules/chart.js/types/helpers/helpers.segment.d.ts": "statistics/node_modules/chart.js/types/helpers/helpers.segment.d.e2ebd7ddedca.ts", "statistics/node_modules/chart.js/types/helpers/index.d.ts": "statistics/node_modules/chart.js/types/helpers/index.d.12f4dc9005ef.ts", "signature_captures/node_modules/signature_pad/dist/types/bezier.d.ts": "signature_captures/node_modules/signature_pad/dist/types/bezier.d.37f25aea2db9.ts", "signature_captures/node_modules/signature_pad/dist/types/point.d.ts": "signature_captures/node_modules/signature_pad/dist/types/point.d.415472908bd9.ts", "signature_captures/node_modules/signature_pad/dist/types/signature_event_target.d.ts": "signature_captures/node_modules/signature_pad/dist/types/signature_event_target.d.eecfa165b72a.ts", "signature_captures/node_modules/signature_pad/dist/types/signature_pad.d.ts": "signature_captures/node_modules/signature_pad/dist/types/signature_pad.d.ad3dd46ea630.ts", "signature_captures/node_modules/signature_pad/dist/types/throttle.d.ts": "signature_captures/node_modules/signature_pad/dist/types/throttle.d.126402e1f933.ts", "signature_captures/node_modules/signature_pad/docs/css/ie9.css": "signature_captures/node_modules/signature_pad/docs/css/ie9.c4ce3ed9f937.css", "signature_captures/node_modules/signature_pad/docs/css/signature-pad.css": "signature_captures/node_modules/signature_pad/docs/css/signature-pad.28e87089c1a2.css", "signature_captures/node_modules/signature_pad/docs/js/app.js": "signature_captures/node_modules/signature_pad/docs/js/app.9bd20f843d91.js", "signature_captures/node_modules/signature_pad/docs/js/signature_pad.umd.js": "signature_captures/node_modules/signature_pad/docs/js/signature_pad.umd.56e47aa8be80.js", "appearance/node_modules/@fortawesome/fontawesome-free/attribution.js": "appearance/node_modules/@fortawesome/fontawesome-free/attribution.d79bb88d77c2.js", "appearance/node_modules/@fortawesome/fontawesome-free/LICENSE.txt": "appearance/node_modules/@fortawesome/fontawesome-free/LICENSE.2e3494502db2.txt", "appearance/node_modules/bootstrap/fonts/glyphicons-halflings-regular.eot": "appearance/node_modules/bootstrap/fonts/glyphicons-halflings-regular.f4769f9bdb74.eot", "appearance/node_modules/bootstrap/fonts/glyphicons-halflings-regular.svg": "appearance/node_modules/bootstrap/fonts/glyphicons-halflings-regular.89889688147b.svg", "appearance/node_modules/bootstrap/fonts/glyphicons-halflings-regular.ttf": "appearance/node_modules/bootstrap/fonts/glyphicons-halflings-regular.e18bbf611f2a.ttf", "appearance/node_modules/bootstrap/fonts/glyphicons-halflings-regular.woff": "appearance/node_modules/bootstrap/fonts/glyphicons-halflings-regular.fa2772327f55.woff", "appearance/node_modules/bootstrap/fonts/glyphicons-halflings-regular.woff2": "appearance/node_modules/bootstrap/fonts/glyphicons-halflings-regular.448c34a56d69.woff2", "appearance/node_modules/bootstrap/js/affix.js": "appearance/node_modules/bootstrap/js/affix.235b2a9f9be2.js", "appearance/node_modules/bootstrap/js/alert.js": "appearance/node_modules/bootstrap/js/alert.2be558ae78de.js", "appearance/node_modules/bootstrap/js/button.js": "appearance/node_modules/bootstrap/js/button.28900c815e91.js", "appearance/node_modules/bootstrap/js/carousel.js": "appearance/node_modules/bootstrap/js/carousel.a8188dce14f8.js", "appearance/node_modules/bootstrap/js/collapse.js": "appearance/node_modules/bootstrap/js/collapse.5f3ce339f7a5.js", "appearance/node_modules/bootstrap/js/dropdown.js": "appearance/node_modules/bootstrap/js/dropdown.953819e6d098.js", "appearance/node_modules/bootstrap/js/modal.js": "appearance/node_modules/bootstrap/js/modal.d73745175d40.js", "appearance/node_modules/bootstrap/js/popover.js": "appearance/node_modules/bootstrap/js/popover.3782df41a2eb.js", "appearance/node_modules/bootstrap/js/scrollspy.js": "appearance/node_modules/bootstrap/js/scrollspy.86ed481e7ffa.js", "appearance/node_modules/bootstrap/js/tab.js": "appearance/node_modules/bootstrap/js/tab.a19cc7ef41a2.js", "appearance/node_modules/bootstrap/js/tooltip.js": "appearance/node_modules/bootstrap/js/tooltip.6ae9dc400f46.js", "appearance/node_modules/bootstrap/js/transition.js": "appearance/node_modules/bootstrap/js/transition.0a47aaff7afc.js", "appearance/node_modules/bootswatch/cerulean/bootstrap.css": "appearance/node_modules/bootswatch/cerulean/bootstrap.7e5287de11b8.css", "appearance/node_modules/bootswatch/cerulean/bootstrap.min.css": "appearance/node_modules/bootswatch/cerulean/bootstrap.min.90e9bbd175be.css", "appearance/node_modules/bootswatch/cerulean/thumbnail.png": "appearance/node_modules/bootswatch/cerulean/thumbnail.a05c03647041.png", "appearance/node_modules/bootswatch/cosmo/bootstrap.css": "appearance/node_modules/bootswatch/cosmo/bootstrap.6c3e2a75f166.css", "appearance/node_modules/bootswatch/cosmo/bootstrap.min.css": "appearance/node_modules/bootswatch/cosmo/bootstrap.min.0c653a59502b.css", "appearance/node_modules/bootswatch/cosmo/thumbnail.png": "appearance/node_modules/bootswatch/cosmo/thumbnail.87c29f62890e.png", "appearance/node_modules/bootswatch/cyborg/bootstrap.css": "appearance/node_modules/bootswatch/cyborg/bootstrap.f3db095f45bc.css", "appearance/node_modules/bootswatch/cyborg/bootstrap.min.css": "appearance/node_modules/bootswatch/cyborg/bootstrap.min.95b074ef3816.css", "appearance/node_modules/bootswatch/cyborg/thumbnail.png": "appearance/node_modules/bootswatch/cyborg/thumbnail.78445dd2e823.png", "appearance/node_modules/bootswatch/darkly/bootstrap.css": "appearance/node_modules/bootswatch/darkly/bootstrap.f8976dd3880f.css", "appearance/node_modules/bootswatch/darkly/bootstrap.min.css": "appearance/node_modules/bootswatch/darkly/bootstrap.min.7470c59dcc62.css", "appearance/node_modules/bootswatch/darkly/thumbnail.png": "appearance/node_modules/bootswatch/darkly/thumbnail.2c45fbca1387.png", "appearance/node_modules/bootswatch/flatly/bootstrap.css": "appearance/node_modules/bootswatch/flatly/bootstrap.dbb39f6eaebd.css", "appearance/node_modules/bootswatch/flatly/bootstrap.min.css": "appearance/node_modules/bootswatch/flatly/bootstrap.min.1319aa1f66e5.css", "appearance/node_modules/bootswatch/flatly/thumbnail.png": "appearance/node_modules/bootswatch/flatly/thumbnail.b875590494f7.png", "appearance/node_modules/bootswatch/fonts/glyphicons-halflings-regular.eot": "appearance/node_modules/bootswatch/fonts/glyphicons-halflings-regular.f4769f9bdb74.eot", "appearance/node_modules/bootswatch/fonts/glyphicons-halflings-regular.svg": "appearance/node_modules/bootswatch/fonts/glyphicons-halflings-regular.89889688147b.svg", "appearance/node_modules/bootswatch/fonts/glyphicons-halflings-regular.ttf": "appearance/node_modules/bootswatch/fonts/glyphicons-halflings-regular.e18bbf611f2a.ttf", "appearance/node_modules/bootswatch/fonts/glyphicons-halflings-regular.woff": "appearance/node_modules/bootswatch/fonts/glyphicons-halflings-regular.fa2772327f55.woff", "appearance/node_modules/bootswatch/fonts/glyphicons-halflings-regular.woff2": "appearance/node_modules/bootswatch/fonts/glyphicons-halflings-regular.448c34a56d69.woff2", "appearance/node_modules/bootswatch/journal/bootstrap.css": "appearance/node_modules/bootswatch/journal/bootstrap.b247c36056ae.css", "appearance/node_modules/bootswatch/journal/bootstrap.min.css": "appearance/node_modules/bootswatch/journal/bootstrap.min.05e2e89c973e.css", "appearance/node_modules/bootswatch/journal/thumbnail.png": "appearance/node_modules/bootswatch/journal/thumbnail.c58ae4eca50d.png", "appearance/node_modules/bootswatch/lumen/bootstrap.css": "appearance/node_modules/bootswatch/lumen/bootstrap.ee44b1efe4c3.css", "appearance/node_modules/bootswatch/lumen/bootstrap.min.css": "appearance/node_modules/bootswatch/lumen/bootstrap.min.2cb7ea134db2.css", "appearance/node_modules/bootswatch/lumen/thumbnail.png": "appearance/node_modules/bootswatch/lumen/thumbnail.7191cd9bfe7b.png", "appearance/node_modules/bootswatch/paper/bootstrap.css": "appearance/node_modules/bootswatch/paper/bootstrap.afd0b5519c9c.css", "appearance/node_modules/bootswatch/paper/bootstrap.min.css": "appearance/node_modules/bootswatch/paper/bootstrap.min.ef1c086c6af2.css", "appearance/node_modules/bootswatch/paper/thumbnail.png": "appearance/node_modules/bootswatch/paper/thumbnail.d583f609f0b0.png", "appearance/node_modules/bootswatch/readable/bootstrap.css": "appearance/node_modules/bootswatch/readable/bootstrap.34e5ce0d2555.css", "appearance/node_modules/bootswatch/readable/bootstrap.min.css": "appearance/node_modules/bootswatch/readable/bootstrap.min.b86b9553b1aa.css", "appearance/node_modules/bootswatch/readable/thumbnail.png": "appearance/node_modules/bootswatch/readable/thumbnail.21236b70bdf0.png", "appearance/node_modules/bootswatch/sandstone/bootstrap.css": "appearance/node_modules/bootswatch/sandstone/bootstrap.3c725ad4c41f.css", "appearance/node_modules/bootswatch/sandstone/bootstrap.min.css": "appearance/node_modules/bootswatch/sandstone/bootstrap.min.a30b8acd4e81.css", "appearance/node_modules/bootswatch/sandstone/thumbnail.png": "appearance/node_modules/bootswatch/sandstone/thumbnail.8daaa9e05381.png", "appearance/node_modules/bootswatch/simplex/bootstrap.css": "appearance/node_modules/bootswatch/simplex/bootstrap.7b2c6680b67f.css", "appearance/node_modules/bootswatch/simplex/bootstrap.min.css": "appearance/node_modules/bootswatch/simplex/bootstrap.min.3c7a5b08827e.css", "appearance/node_modules/bootswatch/simplex/thumbnail.png": "appearance/node_modules/bootswatch/simplex/thumbnail.aaed929d7d5c.png", "appearance/node_modules/bootswatch/slate/bootstrap.css": "appearance/node_modules/bootswatch/slate/bootstrap.d6a6ad82f396.css", "appearance/node_modules/bootswatch/slate/bootstrap.min.css": "appearance/node_modules/bootswatch/slate/bootstrap.min.217695c6c47e.css", "appearance/node_modules/bootswatch/slate/thumbnail.png": "appearance/node_modules/bootswatch/slate/thumbnail.5cc0fe50f075.png", "appearance/node_modules/bootswatch/spacelab/bootstrap.css": "appearance/node_modules/bootswatch/spacelab/bootstrap.2be938695e9e.css", "appearance/node_modules/bootswatch/spacelab/bootstrap.min.css": "appearance/node_modules/bootswatch/spacelab/bootstrap.min.26884e99d702.css", "appearance/node_modules/bootswatch/spacelab/thumbnail.png": "appearance/node_modules/bootswatch/spacelab/thumbnail.8baf263e8043.png", "appearance/node_modules/bootswatch/superhero/bootstrap.css": "appearance/node_modules/bootswatch/superhero/bootstrap.afe755613f32.css", "appearance/node_modules/bootswatch/superhero/bootstrap.min.css": "appearance/node_modules/bootswatch/superhero/bootstrap.min.f148f4ae8e58.css", "appearance/node_modules/bootswatch/superhero/thumbnail.png": "appearance/node_modules/bootswatch/superhero/thumbnail.b1b9981f4084.png", "appearance/node_modules/bootswatch/united/bootstrap.css": "appearance/node_modules/bootswatch/united/bootstrap.20ffc15203a6.css", "appearance/node_modules/bootswatch/united/bootstrap.min.css": "appearance/node_modules/bootswatch/united/bootstrap.min.f9bd8d1f1b6c.css", "appearance/node_modules/bootswatch/united/thumbnail.png": "appearance/node_modules/bootswatch/united/thumbnail.05d3d37ef5ea.png", "appearance/node_modules/bootswatch/yeti/bootstrap.css": "appearance/node_modules/bootswatch/yeti/bootstrap.3bbd9f2d6c53.css", "appearance/node_modules/bootswatch/yeti/bootstrap.min.css": "appearance/node_modules/bootswatch/yeti/bootstrap.min.3f801ccd0fd2.css", "appearance/node_modules/bootswatch/yeti/thumbnail.png": "appearance/node_modules/bootswatch/yeti/thumbnail.73ad10e7d687.png", "appearance/node_modules/jquery/dist/jquery.js": "appearance/node_modules/jquery/dist/jquery.12e87d2f3a4c.js", "appearance/node_modules/jquery/dist/jquery.min.js": "appearance/node_modules/jquery/dist/jquery.min.2c872dbe60f4.js", "appearance/node_modules/jquery/dist/jquery.min.map": "appearance/node_modules/jquery/dist/jquery.min.c5ae95ba2582.map", "appearance/node_modules/jquery/dist/jquery.slim.js": "appearance/node_modules/jquery/dist/jquery.slim.d5e71829ecdc.js", "appearance/node_modules/jquery/dist/jquery.slim.min.js": "appearance/node_modules/jquery/dist/jquery.slim.min.af73dd50819a.js", "appearance/node_modules/jquery/dist/jquery.slim.min.map": "appearance/node_modules/jquery/dist/jquery.slim.min.05e28b7fd05b.map", "appearance/node_modules/jquery-form/dist/jquery.form.min.js": "appearance/node_modules/jquery-form/dist/jquery.form.min.96829b55eaaf.js", "appearance/node_modules/jquery-form/dist/jquery.form.min.js.map": "appearance/node_modules/jquery-form/dist/jquery.form.min.js.e35c741b09b4.map", "appearance/node_modules/jquery-match-height/dist/jquery.matchHeight-min.js": "appearance/node_modules/jquery-match-height/dist/jquery.matchHeight-min.3182b2beddb1.js", "appearance/node_modules/jquery-match-height/dist/jquery.matchHeight.js": "appearance/node_modules/jquery-match-height/dist/jquery.matchHeight.a4b580e5f659.js", "appearance/node_modules/toastr/build/toastr.css": "appearance/node_modules/toastr/build/toastr.6dd68d17e33a.css", "appearance/node_modules/toastr/build/toastr.js.map": "appearance/node_modules/toastr/build/toastr.js.c9facbe25b56.map", "appearance/node_modules/toastr/build/toastr.min.css": "appearance/node_modules/toastr/build/toastr.min.f284028c6780.css", "appearance/node_modules/toastr/build/toastr.min.js": "appearance/node_modules/toastr/build/toastr.min.293ca00291cb.js", "appearance/node_modules/urijs/src/IPv6.js": "appearance/node_modules/urijs/src/IPv6.3471c4828412.js", "appearance/node_modules/urijs/src/jquery.URI.js": "appearance/node_modules/urijs/src/jquery.URI.57e8e5028787.js", "appearance/node_modules/urijs/src/jquery.URI.min.js": "appearance/node_modules/urijs/src/jquery.URI.min.f8665e584e5f.js", "appearance/node_modules/urijs/src/punycode.js": "appearance/node_modules/urijs/src/punycode.3d05e1a0418c.js", "appearance/node_modules/urijs/src/SecondLevelDomains.js": "appearance/node_modules/urijs/src/SecondLevelDomains.756b201ead41.js", "appearance/node_modules/urijs/src/URI.fragmentQuery.js": "appearance/node_modules/urijs/src/URI.fragmentQuery.5574cf1aca8f.js", "appearance/node_modules/urijs/src/URI.fragmentURI.js": "appearance/node_modules/urijs/src/URI.fragmentURI.faf82073d013.js", "appearance/node_modules/urijs/src/URI.js": "appearance/node_modules/urijs/src/URI.d3f0be47a964.js", "appearance/node_modules/urijs/src/URI.min.js": "appearance/node_modules/urijs/src/URI.min.a73a4e6ce1a5.js", "appearance/node_modules/urijs/src/URITemplate.js": "appearance/node_modules/urijs/src/URITemplate.040dec2c6431.js", "admin/js/vendor/xregexp/LICENSE.txt": "admin/js/vendor/xregexp/LICENSE.bf79e414957a.txt", "admin/js/vendor/xregexp/xregexp.js": "admin/js/vendor/xregexp/xregexp.efda034b9537.js", "admin/js/vendor/xregexp/xregexp.min.js": "admin/js/vendor/xregexp/xregexp.min.b0439563a5d3.js", "admin/js/vendor/jquery/jquery.js": "admin/js/vendor/jquery/jquery.0208b96062ba.js", "admin/js/vendor/jquery/LICENSE.txt": "admin/js/vendor/jquery/LICENSE.de877aa6d744.txt", "admin/js/vendor/jquery/jquery.min.js": "admin/js/vendor/jquery/jquery.min.641dd1437010.js", "admin/js/vendor/select2/select2.full.min.js": "admin/js/vendor/select2/select2.full.min.fcd7500d8e13.js", "admin/js/vendor/select2/select2.full.js": "admin/js/vendor/select2/select2.full.c2afdeda3058.js", "admin/css/vendor/select2/select2.css": "admin/css/vendor/select2/select2.a2194c262648.css", "admin/css/vendor/select2/select2.min.css": "admin/css/vendor/select2/select2.min.9f54e6414f87.css", "views/node_modules/dropzone/dist/basic.css": "views/node_modules/dropzone/dist/basic.12f5a9c07585.css", "views/node_modules/dropzone/dist/dropzone-amd-module.js": "views/node_modules/dropzone/dist/dropzone-amd-module.ec592c2300ea.js", "views/node_modules/dropzone/dist/dropzone.css": "views/node_modules/dropzone/dist/dropzone.ba879c5d5f38.css", "views/node_modules/dropzone/dist/dropzone.js": "views/node_modules/dropzone/dist/dropzone.ec592c2300ea.js", "views/node_modules/dropzone/src/dropzone.js": "views/node_modules/dropzone/src/dropzone.aad274247666.js", "views/node_modules/dropzone/src/emitter.js": "views/node_modules/dropzone/src/emitter.3b740d813445.js", "views/node_modules/dropzone/src/options.js": "views/node_modules/dropzone/src/options.e7feedfe7e20.js", "views/node_modules/dropzone/src/preview-template.html": "views/node_modules/dropzone/src/preview-template.19176cd81916.html", "cabinets/node_modules/jstree/dist/jstree.js": "cabinets/node_modules/jstree/dist/jstree.ac433b3823f4.js", "cabinets/node_modules/jstree/dist/jstree.min.js": "cabinets/node_modules/jstree/dist/jstree.min.60bc08e5cdd2.js", "statistics/node_modules/chart.js/auto/auto.js": "statistics/node_modules/chart.js/auto/auto.9166602b0e75.js", "statistics/node_modules/chart.js/auto/auto.mjs": "statistics/node_modules/chart.js/auto/auto.8a7d2dc7f754.mjs", "statistics/node_modules/chart.js/auto/auto.mts": "statistics/node_modules/chart.js/auto/auto.5a65661a7a0f.mts", "statistics/node_modules/chart.js/dist/chart.esm.js": "statistics/node_modules/chart.js/dist/chart.esm.4440d1bc7177.js", "statistics/node_modules/chart.js/dist/chart.js": "statistics/node_modules/chart.js/dist/chart.ac79c2f05fed.js", "statistics/node_modules/chart.js/dist/chart.min.js": "statistics/node_modules/chart.js/dist/chart.min.7dd5ea7d2cf2.js", "statistics/node_modules/chart.js/dist/chart.mjs": "statistics/node_modules/chart.js/dist/chart.5cb27680c588.mjs", "statistics/node_modules/chart.js/dist/helpers.esm.js": "statistics/node_modules/chart.js/dist/helpers.esm.e7b36eecf4b3.js", "statistics/node_modules/chart.js/dist/helpers.mjs": "statistics/node_modules/chart.js/dist/helpers.7bdfb2bf5a35.mjs", "statistics/node_modules/chart.js/helpers/helpers.js": "statistics/node_modules/chart.js/helpers/helpers.9218577fa0f6.js", "statistics/node_modules/chart.js/helpers/helpers.mjs": "statistics/node_modules/chart.js/helpers/helpers.8b91c2d63eb3.mjs", "statistics/node_modules/chart.js/helpers/helpers.mts": "statistics/node_modules/chart.js/helpers/helpers.565c1598ea95.mts", "statistics/node_modules/chart.js/types/adapters.d.ts": "statistics/node_modules/chart.js/types/adapters.d.3349bebf78d0.ts", "statistics/node_modules/chart.js/types/animation.d.ts": "statistics/node_modules/chart.js/types/animation.d.bb9ba75b3437.ts", "statistics/node_modules/chart.js/types/basic.d.ts": "statistics/node_modules/chart.js/types/basic.d.0abd19a0a217.ts", "statistics/node_modules/chart.js/types/color.d.ts": "statistics/node_modules/chart.js/types/color.d.6263badf1406.ts", "statistics/node_modules/chart.js/types/element.d.ts": "statistics/node_modules/chart.js/types/element.d.48cca52d67d8.ts", "statistics/node_modules/chart.js/types/geometric.d.ts": "statistics/node_modules/chart.js/types/geometric.d.ba33a5453f06.ts", "statistics/node_modules/chart.js/types/index.esm.d.ts": "statistics/node_modules/chart.js/types/index.esm.d.415fce958fff.ts", "statistics/node_modules/chart.js/types/layout.d.ts": "statistics/node_modules/chart.js/types/layout.d.dfdd856e40bd.ts", "statistics/node_modules/chart.js/types/utils.d.ts": "statistics/node_modules/chart.js/types/utils.d.28b3aa18762a.ts", "redactions/node_modules/cropperjs/dist/cropper.common.js": "redactions/node_modules/cropperjs/dist/cropper.common.7e585446d661.js", "redactions/node_modules/cropperjs/dist/cropper.css": "redactions/node_modules/cropperjs/dist/cropper.34885bebf21f.css", "redactions/node_modules/cropperjs/dist/cropper.esm.js": "redactions/node_modules/cropperjs/dist/cropper.esm.6855908899b8.js", "redactions/node_modules/cropperjs/dist/cropper.js": "redactions/node_modules/cropperjs/dist/cropper.7e3f56e540ee.js", "redactions/node_modules/cropperjs/dist/cropper.min.css": "redactions/node_modules/cropperjs/dist/cropper.min.153f444a9d53.css", "redactions/node_modules/cropperjs/dist/cropper.min.js": "redactions/node_modules/cropperjs/dist/cropper.min.fa41e84e1e9d.js", "redactions/node_modules/jquery-cropper/dist/jquery-cropper.common.js": "redactions/node_modules/jquery-cropper/dist/jquery-cropper.common.449b7104a2fb.js", "redactions/node_modules/jquery-cropper/dist/jquery-cropper.esm.js": "redactions/node_modules/jquery-cropper/dist/jquery-cropper.esm.c995063e0fee.js", "redactions/node_modules/jquery-cropper/dist/jquery-cropper.js": "redactions/node_modules/jquery-cropper/dist/jquery-cropper.2a50d80d88df.js", "redactions/node_modules/jquery-cropper/dist/jquery-cropper.min.js": "redactions/node_modules/jquery-cropper/dist/jquery-cropper.min.df673a209f9d.js", "signature_captures/node_modules/signature_pad/dist/signature_pad.js": "signature_captures/node_modules/signature_pad/dist/signature_pad.5ebc21f42258.js", "signature_captures/node_modules/signature_pad/dist/signature_pad.js.map": "signature_captures/node_modules/signature_pad/dist/signature_pad.js.961e64620424.map", "signature_captures/node_modules/signature_pad/dist/signature_pad.min.js": "signature_captures/node_modules/signature_pad/dist/signature_pad.min.55749cdf70d2.js", "signature_captures/node_modules/signature_pad/dist/signature_pad.min.js.map": "signature_captures/node_modules/signature_pad/dist/signature_pad.min.js.9deab4f9590e.map", "signature_captures/node_modules/signature_pad/dist/signature_pad.umd.js": "signature_captures/node_modules/signature_pad/dist/signature_pad.umd.56e47aa8be80.js", "signature_captures/node_modules/signature_pad/dist/signature_pad.umd.js.map": "signature_captures/node_modules/signature_pad/dist/signature_pad.umd.js.a3d58e256802.map", "signature_captures/node_modules/signature_pad/dist/signature_pad.umd.min.js": "signature_captures/node_modules/signature_pad/dist/signature_pad.umd.min.7aceea4f6878.js", "signature_captures/node_modules/signature_pad/dist/signature_pad.umd.min.js.map": "signature_captures/node_modules/signature_pad/dist/signature_pad.umd.min.js.97e44a09fb72.map", "signature_captures/node_modules/signature_pad/docs/index.html": "signature_captures/node_modules/signature_pad/docs/index.a4abdd0b0f02.html", "signature_captures/node_modules/signature_pad/src/bezier.ts": "signature_captures/node_modules/signature_pad/src/bezier.343004b101e8.ts", "signature_captures/node_modules/signature_pad/src/point.ts": "signature_captures/node_modules/signature_pad/src/point.8589d80b6b8f.ts", "signature_captures/node_modules/signature_pad/src/signature_event_target.ts": "signature_captures/node_modules/signature_pad/src/signature_event_target.d18945428ade.ts", "signature_captures/node_modules/signature_pad/src/signature_pad.ts": "signature_captures/node_modules/signature_pad/src/signature_pad.c91230ae3ab1.ts", "signature_captures/node_modules/signature_pad/src/throttle.ts": "signature_captures/node_modules/signature_pad/src/throttle.53de342e37b8.ts", "appearance/google_fonts/lato/import.css": "appearance/google_fonts/lato/import.cee646806862.css", "appearance/google_fonts/lato/S6u8w4BMUTPHjxsAUi-qJCY.woff2": "appearance/google_fonts/lato/S6u8w4BMUTPHjxsAUi-qJCY.46e5ea97b185.woff2", "appearance/google_fonts/lato/S6u8w4BMUTPHjxsAXC-q.woff2": "appearance/google_fonts/lato/S6u8w4BMUTPHjxsAXC-q.efee2d080d7b.woff2", "appearance/google_fonts/lato/S6u8w4BMUTPHjxsAXC-s.woff": "appearance/google_fonts/lato/S6u8w4BMUTPHjxsAXC-s.e526c2d008c4.woff", "appearance/google_fonts/lato/S6u8w4BMUTPHjxsAXC-vNiXg7Q.ttf": "appearance/google_fonts/lato/S6u8w4BMUTPHjxsAXC-vNiXg7Q.a7dfe1fc9150.ttf", "appearance/google_fonts/lato/S6u9w4BMUTPHh6UVSwaPGR_p.woff2": "appearance/google_fonts/lato/S6u9w4BMUTPHh6UVSwaPGR_p.a48b0f049358.woff2", "appearance/google_fonts/lato/S6u9w4BMUTPHh6UVSwiPGQ.woff2": "appearance/google_fonts/lato/S6u9w4BMUTPHh6UVSwiPGQ.de69cf9e514d.woff2", "appearance/google_fonts/lato/S6u9w4BMUTPHh6UVSwiPHA3q5d0.ttf": "appearance/google_fonts/lato/S6u9w4BMUTPHh6UVSwiPHA3q5d0.1ec95229c7a1.ttf", "appearance/google_fonts/lato/S6u9w4BMUTPHh6UVSwiPHw.woff": "appearance/google_fonts/lato/S6u9w4BMUTPHh6UVSwiPHw.1833f9fa378f.woff", "appearance/google_fonts/lato/S6uyw4BMUTPHjx4wWA.woff": "appearance/google_fonts/lato/S6uyw4BMUTPHjx4wWA.0e898c13dd6a.woff", "appearance/google_fonts/lato/S6uyw4BMUTPHjx4wWyWtFCc.ttf": "appearance/google_fonts/lato/S6uyw4BMUTPHjx4wWyWtFCc.0f4eb7dae518.ttf", "appearance/google_fonts/lato/S6uyw4BMUTPHjx4wXg.woff2": "appearance/google_fonts/lato/S6uyw4BMUTPHjx4wXg.e1b3b5908c9c.woff2", "appearance/google_fonts/lato/S6uyw4BMUTPHjxAwXjeu.woff2": "appearance/google_fonts/lato/S6uyw4BMUTPHjxAwXjeu.4bde07f991ba.woff2", "appearance/node_modules/bootstrap/LICENSE": "appearance/node_modules/bootstrap/LICENSE.daaa3d40b9f7", "appearance/node_modules/bootswatch/LICENSE": "appearance/node_modules/bootswatch/LICENSE.625aadacb446", "appearance/node_modules/jquery/LICENSE.txt": "appearance/node_modules/jquery/LICENSE.de877aa6d744.txt", "appearance/node_modules/jquery-form/LICENSE": "appearance/node_modules/jquery-form/LICENSE.fc178bcd4250", "appearance/node_modules/jquery-form/LICENSE-MIT": "appearance/node_modules/jquery-form/LICENSE-MIT.ad4f5e98209a", "appearance/node_modules/jquery-lazyload/jquery.lazyload.js": "appearance/node_modules/jquery-lazyload/jquery.lazyload.8b427f9e8686.js", "appearance/node_modules/jquery-lazyload/jquery.scrollstop.js": "appearance/node_modules/jquery-lazyload/jquery.scrollstop.f163fd8f0236.js", "appearance/node_modules/jquery-match-height/jquery.matchHeight.js": "appearance/node_modules/jquery-match-height/jquery.matchHeight.959ee66ebf56.js", "appearance/node_modules/jquery-match-height/LICENSE": "appearance/node_modules/jquery-match-height/LICENSE.4ba667fc8733", "appearance/node_modules/jquery-match-height/matchHeight.jquery.json": "appearance/node_modules/jquery-match-height/matchHeight.jquery.f3f53cf86b8e.json", "appearance/node_modules/urijs/LICENSE.txt": "appearance/node_modules/urijs/LICENSE.208faacdc29d.txt", "admin/js/admin/DateTimeShortcuts.js": "admin/js/admin/DateTimeShortcuts.9f6e209cebca.js", "admin/js/admin/RelatedObjectLookups.js": "admin/js/admin/RelatedObjectLookups.8609f99b9ab2.js", "admin/img/gis/move_vertex_off.svg": "admin/img/gis/move_vertex_off.7a23bf31ef8a.svg", "admin/img/gis/move_vertex_on.svg": "admin/img/gis/move_vertex_on.0047eba25b67.svg", "views/node_modules/dropzone/LICENSE": "views/node_modules/dropzone/LICENSE.91ad32f5bd4a", "cabinets/node_modules/jstree/LICENSE-MIT": "cabinets/node_modules/jstree/LICENSE-MIT.397726ed672f", "redactions/node_modules/cropperjs/LICENSE": "redactions/node_modules/cropperjs/LICENSE.c46b629f604c", "redactions/node_modules/jquery-cropper/LICENSE": "redactions/node_modules/jquery-cropper/LICENSE.9115fd16c44c", "signature_captures/node_modules/signature_pad/LICENSE": "signature_captures/node_modules/signature_pad/LICENSE.8113bc1cd741", "appearance/css/appearance.css": "appearance/css/appearance.8419f2f55199.css", "appearance/fonts/IM_Fell_English_SC.eot": "appearance/fonts/IM_Fell_English_SC.ea793df8161f.eot", "appearance/fonts/IM_Fell_English_SC.svg": "appearance/fonts/IM_Fell_English_SC.0f269513fb2c.svg", "appearance/fonts/IM_Fell_English_SC.ttf": "appearance/fonts/IM_Fell_English_SC.0cd6c787a3bf.ttf", "appearance/fonts/IM_Fell_English_SC.woff": "appearance/fonts/IM_Fell_English_SC.7d88ae761a4d.woff", "appearance/fonts/mayan-edms.ttf": "appearance/fonts/mayan-edms.aa3e2f42dcf4.ttf", "appearance/images/about-top.jpg": "appearance/images/about-top.c1ef265d8560.jpg", "appearance/images/ai-logo.svg": "appearance/images/ai-logo.4b0e68952a83.svg", "appearance/images/doc-chain-logo.svg": "appearance/images/doc-chain-logo.725f042ec7e9.svg", "appearance/images/favicon.ico": "appearance/images/favicon.73025ba894e4.ico", "appearance/js/mayan_app.js": "appearance/js/mayan_app.86f3f4912af2.js", "appearance/js/partial_navigation.js": "appearance/js/partial_navigation.d0ea08b3c0ca.js", "appearance/packages/jquery.scrollview.js": "appearance/packages/jquery.scrollview.a6cca752282d.js", "authentication/images/login-top.jpg": "authentication/images/login-top.6001694fb0e6.jpg", "admin/js/urlify.js": "admin/js/urlify.ae970a820212.js", "admin/js/nav_sidebar.js": "admin/js/nav_sidebar.3b9190d420b1.js", "admin/js/SelectBox.js": "admin/js/SelectBox.7d3ce5a98007.js", "admin/js/core.js": "admin/js/core.cf103cd04ebf.js", "admin/js/autocomplete.js": "admin/js/autocomplete.01591ab27be7.js", "admin/js/actions.js": "admin/js/actions.eac7e3441574.js", "admin/js/prepopulate_init.js": "admin/js/prepopulate_init.6cac7f3105b8.js", "admin/js/inlines.js": "admin/js/inlines.22d4d93c00b4.js", "admin/js/popup_response.js": "admin/js/popup_response.c6cc78ea5551.js", "admin/js/collapse.js": "admin/js/collapse.f84e7410290f.js", "admin/js/change_form.js": "admin/js/change_form.9d8ca4f96b75.js", "admin/js/filters.js": "admin/js/filters.0e360b7a9f80.js", "admin/js/calendar.js": "admin/js/calendar.f8a5d055eb33.js", "admin/js/cancel.js": "admin/js/cancel.ecc4c5ca7b32.js", "admin/js/theme.js": "admin/js/theme.ab270f56bb9c.js", "admin/js/prepopulate.js": "admin/js/prepopulate.bd2361dfd64d.js", "admin/js/jquery.init.js": "admin/js/jquery.init.b7781a0897fc.js", "admin/js/SelectFilter2.js": "admin/js/SelectFilter2.bdb8d0cc579e.js", "admin/css/nav_sidebar.css": "admin/css/nav_sidebar.269a1bd44627.css", "admin/css/forms.css": "admin/css/forms.c14e1cb06392.css", "admin/css/autocomplete.css": "admin/css/autocomplete.4a81fc4242d0.css", "admin/css/responsive.css": "admin/css/responsive.f6533dab034d.css", "admin/css/dashboard.css": "admin/css/dashboard.e90f2068217b.css", "admin/css/dark_mode.css": "admin/css/dark_mode.ef27a31af300.css", "admin/css/login.css": "admin/css/login.586129c60a93.css", "admin/css/changelists.css": "admin/css/changelists.9237a1ac391b.css", "admin/css/base.css": "admin/css/base.523eb49842a7.css", "admin/css/widgets.css": "admin/css/widgets.ee33ab26c7c2.css", "admin/css/responsive_rtl.css": "admin/css/responsive_rtl.7d1130848605.css", "admin/css/rtl.css": "admin/css/rtl.512d4b53fc59.css", "admin/img/icon-deletelink.svg": "admin/img/icon-deletelink.564ef9dc3854.svg", "admin/img/tooltag-add.svg": "admin/img/tooltag-add.e59d620a9742.svg", "admin/img/icon-no.svg": "admin/img/icon-no.439e821418cd.svg", "admin/img/icon-addlink.svg": "admin/img/icon-addlink.d519b3bab011.svg", "admin/img/icon-calendar.svg": "admin/img/icon-calendar.ac7aea671bea.svg", "admin/img/icon-viewlink.svg": "admin/img/icon-viewlink.41eb31f7826e.svg", "admin/img/icon-alert.svg": "admin/img/icon-alert.034cc7d8a67f.svg", "admin/img/inline-delete.svg": "admin/img/inline-delete.fec1b761f254.svg", "admin/img/icon-unknown.svg": "admin/img/icon-unknown.a18cb4398978.svg", "admin/img/sorting-icons.svg": "admin/img/sorting-icons.3a097b59f104.svg", "admin/img/icon-clock.svg": "admin/img/icon-clock.e1d4dfac3f2b.svg", "admin/img/calendar-icons.svg": "admin/img/calendar-icons.39b290681a8b.svg", "admin/img/tooltag-arrowright.svg": "admin/img/tooltag-arrowright.bbfb788a849e.svg", "admin/img/selector-icons.svg": "admin/img/selector-icons.b4555096cea2.svg", "admin/img/icon-changelink.svg": "admin/img/icon-changelink.18d2fd706348.svg", "admin/img/search.svg": "admin/img/search.7cf54ff789c6.svg", "admin/img/LICENSE": "admin/img/LICENSE.2c54f4e1ca1c", "admin/img/icon-unknown-alt.svg": "admin/img/icon-unknown-alt.81536e128bb6.svg", "admin/img/icon-yes.svg": "admin/img/icon-yes.d2f9f035226a.svg", "rest_framework/js/jquery-3.5.1.min.js": "rest_framework/js/jquery-3.5.1.min.dc5e7f18c8d3.js", "rest_framework/js/bootstrap.min.js": "rest_framework/js/bootstrap.min.2f34b630ffe3.js", "rest_framework/js/prettify-min.js": "rest_framework/js/prettify-min.709bfcc456c6.js", "rest_framework/js/default.js": "rest_framework/js/default.5b08897dbdc3.js", "rest_framework/js/csrf.js": "rest_framework/js/csrf.969930007329.js", "rest_framework/js/ajax-form.js": "rest_framework/js/ajax-form.0ea6e6052ab5.js", "rest_framework/js/coreapi-0.1.1.js": "rest_framework/js/coreapi-0.1.1.e580e3854595.js", "rest_framework/css/bootstrap-theme.min.css": "rest_framework/css/bootstrap-theme.min.1d4b05b397c3.css", "rest_framework/css/default.css": "rest_framework/css/default.789dfb5732d7.css", "rest_framework/css/bootstrap.min.css": "rest_framework/css/bootstrap.min.f17d4516b026.css", "rest_framework/css/bootstrap.min.css.map": "rest_framework/css/bootstrap.min.css.cafbda9c0e9e.map", "rest_framework/css/bootstrap-tweaks.css": "rest_framework/css/bootstrap-tweaks.46ed116b0edd.css", "rest_framework/css/prettify.css": "rest_framework/css/prettify.a987f72342ee.css", "rest_framework/css/font-awesome-4.0.3.css": "rest_framework/css/font-awesome-4.0.3.c1e1ea213abf.css", "rest_framework/css/bootstrap-theme.min.css.map": "rest_framework/css/bootstrap-theme.min.css.51806092cc05.map", "rest_framework/fonts/glyphicons-halflings-regular.ttf": "rest_framework/fonts/glyphicons-halflings-regular.e18bbf611f2a.ttf", "rest_framework/fonts/glyphicons-halflings-regular.woff": "rest_framework/fonts/glyphicons-halflings-regular.fa2772327f55.woff", "rest_framework/fonts/fontawesome-webfont.svg": "rest_framework/fonts/fontawesome-webfont.83e37a11f9d7.svg", "rest_framework/fonts/fontawesome-webfont.woff": "rest_framework/fonts/fontawesome-webfont.3293616ec0c6.woff", "rest_framework/fonts/glyphicons-halflings-regular.svg": "rest_framework/fonts/glyphicons-halflings-regular.08eda92397ae.svg", "rest_framework/fonts/glyphicons-halflings-regular.woff2": "rest_framework/fonts/glyphicons-halflings-regular.448c34a56d69.woff2", "rest_framework/fonts/glyphicons-halflings-regular.eot": "rest_framework/fonts/glyphicons-halflings-regular.f4769f9bdb74.eot", "rest_framework/fonts/fontawesome-webfont.eot": "rest_framework/fonts/fontawesome-webfont.8b27bc96115c.eot", "rest_framework/fonts/fontawesome-webfont.ttf": "rest_framework/fonts/fontawesome-webfont.dcb26c7239d8.ttf", "rest_framework/img/grid.png": "rest_framework/img/grid.a4b938cf382b.png", "converter/css/converter.css": "converter/css/converter.3567438c1645.css", "converter/images/logo.jpg": "converter/images/logo.6ac66606cf3a.jpg", "converter/images/logo.png": "converter/images/logo.6f4c1892632f.png", "converter/js/mayan_image.js": "converter/js/mayan_image.dd11ba7d7cac.js", "dashboards/css/dashboards.css": "dashboards/css/dashboards.a4bf423a0499.css", "dynamic_search/css/dynamic_search.css": "dynamic_search/css/dynamic_search.f9a06d787cdb.css", "templating/js/template_widget.js": "templating/js/template_widget.a3b7b8f99fbc.js", "views/css/views.css": "views/css/views.73f529074995.css", "cabinets/css/cabinets.css": "cabinets/css/cabinets.aa2e6e91701e.css", "documents/css/documents.css": "documents/css/documents.225da9e6fc0c.css", "metadata/js/metadata_form.js": "metadata/js/metadata_form.4138e0dcced1.js", "tags/css/tags.css": "tags/css/tags.1af862b0672b.css", "tags/js/tags_form.js": "tags/js/tags_form.843cf20f1e26.js", "drf-yasg/redoc-old/redoc.min.js.map": "drf-yasg/redoc-old/redoc.min.js.8b046eaab501.map", "drf-yasg/redoc-old/redoc.min.js": "drf-yasg/redoc-old/redoc.min.75500581cb08.js", "drf-yasg/redoc-old/LICENSE": "drf-yasg/redoc-old/LICENSE.e4e5f59c85dc", "drf-yasg/redoc/redoc-logo.png": "drf-yasg/redoc/redoc-logo.c7dc7712ce68.png", "drf-yasg/redoc/redoc.standalone.js.map": "drf-yasg/redoc/redoc.standalone.js.be0619dcd088.map", "drf-yasg/redoc/redoc.min.js": "drf-yasg/redoc/redoc.min.71d0b1197fcc.js", "drf-yasg/redoc/LICENSE": "drf-yasg/redoc/LICENSE.cf2d48dc6713", "drf-yasg/swagger-ui-dist/swagger-ui-standalone-preset.js.map": "drf-yasg/swagger-ui-dist/swagger-ui-standalone-preset.js.c470a4c82080.map", "drf-yasg/swagger-ui-dist/swagger-initializer.js": "drf-yasg/swagger-ui-dist/swagger-initializer.ff995915f51c.js", "drf-yasg/swagger-ui-dist/swagger-ui-bundle.js.map": "drf-yasg/swagger-ui-dist/swagger-ui-bundle.js.f5222861035c.map", "drf-yasg/swagger-ui-dist/oauth2-redirect.html": "drf-yasg/swagger-ui-dist/oauth2-redirect.3ab4f43d18d7.html", "drf-yasg/swagger-ui-dist/swagger-ui-bundle.js": "drf-yasg/swagger-ui-dist/swagger-ui-bundle.357151587590.js", "drf-yasg/swagger-ui-dist/swagger-ui-es-bundle-core.js": "drf-yasg/swagger-ui-dist/swagger-ui-es-bundle-core.002e814c385e.js", "drf-yasg/swagger-ui-dist/swagger-ui-es-bundle-core.js.map": "drf-yasg/swagger-ui-dist/swagger-ui-es-bundle-core.js.b1d6e307bf5a.map", "drf-yasg/swagger-ui-dist/favicon-32x32.png": "drf-yasg/swagger-ui-dist/favicon-32x32.40d4f2c38d1c.png", "drf-yasg/swagger-ui-dist/swagger-ui-standalone-preset.js": "drf-yasg/swagger-ui-dist/swagger-ui-standalone-preset.4d7f4447551a.js", "drf-yasg/swagger-ui-dist/swagger-ui.css": "drf-yasg/swagger-ui-dist/swagger-ui.776bdd918354.css", "drf-yasg/swagger-ui-dist/swagger-ui-es-bundle.js.map": "drf-yasg/swagger-ui-dist/swagger-ui-es-bundle.js.edde1f87cee4.map", "drf-yasg/swagger-ui-dist/swagger-ui.js.map": "drf-yasg/swagger-ui-dist/swagger-ui.js.804e9522fc74.map", "drf-yasg/swagger-ui-dist/index.js": "drf-yasg/swagger-ui-dist/index.4843f77ccf9e.js", "drf-yasg/swagger-ui-dist/NOTICE": "drf-yasg/swagger-ui-dist/NOTICE.342625133694", "drf-yasg/swagger-ui-dist/absolute-path.js": "drf-yasg/swagger-ui-dist/absolute-path.7ca5ebff3b35.js", "drf-yasg/swagger-ui-dist/LICENSE": "drf-yasg/swagger-ui-dist/LICENSE.3b83ef96387f", "drf-yasg/swagger-ui-dist/swagger-ui-es-bundle.js": "drf-yasg/swagger-ui-dist/swagger-ui-es-bundle.9e91a94497b1.js", "drf-yasg/swagger-ui-dist/swagger-ui.css.map": "drf-yasg/swagger-ui-dist/swagger-ui.css.fea025523c25.map", "drf-yasg/swagger-ui-dist/index.css": "drf-yasg/swagger-ui-dist/index.54fdd628e489.css", "css/chat.css": "css/chat.1a20488f5dac.css", "css/home.css": "css/home.d41d8cd98f00.css", "images/nodoc.png": "images/nodoc.8950f7b0c8ad.png", "images/trashcan.png": "images/trashcan.a6ea1ebb226c.png", "scripts/chat.js": "scripts/chat.a8a2f0d809a7.js", "scripts/responses.js": "scripts/responses.03267b39ca01.js", "images/ai-logo.svg": "images/ai-logo.4b0e68952a83.svg", "images/image.png": "images/image.573f5fca1b61.png", "drf-yasg/swagger-ui-init.js": "drf-yasg/swagger-ui-init.7d9c695107e5.js", "drf-yasg/immutable.min.js": "drf-yasg/immutable.min.d985bc61d85c.js", "drf-yasg/immutable.js": "drf-yasg/immutable.37fd83058fde.js", "drf-yasg/insQ.min.js": "drf-yasg/insQ.min.90ab21607447.js", "drf-yasg/redoc-init.js": "drf-yasg/redoc-init.41348b1afc50.js", "drf-yasg/style.css": "drf-yasg/style.680c08b2b7b4.css", "drf-yasg/insQ.js": "drf-yasg/insQ.d4a1933caf20.js"}, "version": "1.1", "hash": "f85bd786752c"}